{
  "clean_accuracy": 0.8557851239669422,
  "fgsm_accuracy": 0.8491735537190083,
  "pgd_accuracy": 0.8223140495867769,
  "fgsm_drop_pct": 0.7725736359246766,
  "pgd_drop_pct": 3.9111540318686613
}