{
  "gossipcop": {
    "accuracy": 0.8181076672104405,
    "precision_binary": 0.8394160583941606,
    "recall_binary": 0.5623471882640587,
    "f1_binary": 0.6734992679355783,
    "precision_macro": 0.8256954241550635,
    "recall_macro": 0.754245809554306,
    "f1_macro": 0.773719673538168,
    "f1_weighted": 0.8070719781758976,
    "auc_roc": 0.8444709459439239,
    "mcc": 0.5755230552547385,
    "cohen_kappa": 0.5541643700691099,
    "n_samples": 1226
  },
  "weibo_text_only": {
    "accuracy": 0.9154929577464789,
    "precision_binary": 0.9375,
    "recall_binary": 0.8823529411764706,
    "f1_binary": 0.9090909090909091,
    "precision_macro": 0.9174679487179487,
    "recall_macro": 0.9141494435612083,
    "f1_macro": 0.9150717703349283,
    "f1_weighted": 0.9153244827818586,
    "auc_roc": 0.9848966613672496,
    "mcc": 0.8316107711331725,
    "cohen_kappa": 0.8302788844621514,
    "n_samples": 71
  },
  "weibo_image_only": {
    "accuracy": 0.5467497773820125,
    "precision_binary": 0.5467497773820125,
    "recall_binary": 1.0,
    "f1_binary": 0.7069660333909038,
    "precision_macro": 0.27337488869100623,
    "recall_macro": 0.5,
    "f1_macro": 0.3534830166954519,
    "f1_weighted": 0.3865335213731211,
    "auc_roc": 0.5227677057268836,
    "mcc": 0.0,
    "cohen_kappa": 0.0,
    "n_samples": 1123
  },
  "weibo_both": {
    "accuracy": 0.8931433659839715,
    "precision_binary": 0.9713740458015268,
    "recall_binary": 0.8289902280130294,
    "f1_binary": 0.8945518453427065,
    "precision_macro": 0.8980409461061056,
    "recall_macro": 0.899760339939717,
    "f1_macro": 0.8931242981226168,
    "f1_weighted": 0.8932577731520998,
    "auc_roc": 0.9647965289287932,
    "mcc": 0.7977994332545075,
    "cohen_kappa": 0.7876129626068948,
    "n_samples": 1123
  },
  "weibo_full": {
    "accuracy": 0.8944723618090452,
    "precision_binary": 0.9694244604316546,
    "recall_binary": 0.8317901234567902,
    "f1_binary": 0.8953488372093024,
    "precision_macro": 0.8992890327236643,
    "recall_macro": 0.9003272961606295,
    "f1_macro": 0.8944649591451916,
    "f1_weighted": 0.8945404663164978,
    "auc_roc": 0.965631076742188,
    "mcc": 0.7996156548163814,
    "cohen_kappa": 0.7901757322175732,
    "n_samples": 1194
  },
  "combined": {
    "accuracy": 0.8557851239669422,
    "precision_binary": 0.9265060240963855,
    "recall_binary": 0.727530747398297,
    "f1_binary": 0.8150503444621092,
    "precision_macro": 0.8726869743123438,
    "recall_macro": 0.841388264381467,
    "f1_macro": 0.8484327238734521,
    "f1_weighted": 0.8526538016006716,
    "auc_roc": 0.9190350324948235,
    "mcc": 0.71338898034122,
    "cohen_kappa": 0.6996429485902871,
    "n_samples": 2420
  }
}