{
  "gossipcop": {
    "accuracy": 0.7911908646003263,
    "precision_binary": 0.8883248730964467,
    "recall_binary": 0.4278728606356968,
    "f1_binary": 0.5775577557755776,
    "precision_macro": 0.8304598126415178,
    "recall_macro": 0.7004725380289867,
    "f1_macro": 0.719439766295156,
    "f1_weighted": 0.7666566180830745,
    "auc_roc": 0.8390692287664634,
    "mcc": 0.5147741926586006,
    "cohen_kappa": 0.46055241401832214,
    "n_samples": 1226
  },
  "weibo_text_only": {
    "accuracy": 0.8873239436619719,
    "precision_binary": 0.9333333333333333,
    "recall_binary": 0.8235294117647058,
    "f1_binary": 0.875,
    "precision_macro": 0.8934959349593496,
    "recall_macro": 0.8847376788553258,
    "f1_macro": 0.8862179487179487,
    "f1_weighted": 0.8866919465511015,
    "auc_roc": 0.9689984101748808,
    "mcc": 0.7781843294625419,
    "cohen_kappa": 0.7731629392971247,
    "n_samples": 71
  },
  "weibo_image_only": {
    "accuracy": 0.5467497773820125,
    "precision_binary": 0.5467497773820125,
    "recall_binary": 1.0,
    "f1_binary": 0.7069660333909038,
    "precision_macro": 0.27337488869100623,
    "recall_macro": 0.5,
    "f1_macro": 0.3534830166954519,
    "f1_weighted": 0.3865335213731211,
    "auc_roc": 0.4885769503977269,
    "mcc": 0.0,
    "cohen_kappa": 0.0,
    "n_samples": 1123
  },
  "weibo_both": {
    "accuracy": 0.8842386464826358,
    "precision_binary": 0.935251798561151,
    "recall_binary": 0.8469055374592834,
    "f1_binary": 0.8888888888888888,
    "precision_macro": 0.8847334830548259,
    "recall_macro": 0.8880893109693273,
    "f1_macro": 0.884035522511359,
    "f1_weighted": 0.8844893101067647,
    "auc_roc": 0.9540358242194249,
    "mcc": 0.7728155079851252,
    "cohen_kappa": 0.7686891381020436,
    "n_samples": 1123
  },
  "weibo_full": {
    "accuracy": 0.8844221105527639,
    "precision_binary": 0.9351535836177475,
    "recall_binary": 0.845679012345679,
    "f1_binary": 0.8881685575364667,
    "precision_macro": 0.8853399497036105,
    "recall_macro": 0.8880409713743047,
    "f1_macro": 0.8842922510385973,
    "f1_weighted": 0.884623392799722,
    "auc_roc": 0.9543339890562114,
    "mcc": 0.7733762044239911,
    "cohen_kappa": 0.7692074964282712,
    "n_samples": 1194
  },
  "combined": {
    "accuracy": 0.8371900826446281,
    "precision_binary": 0.9233716475095786,
    "recall_binary": 0.6840113528855251,
    "f1_binary": 0.7858695652173913,
    "precision_macro": 0.8596699410425107,
    "recall_macro": 0.8199954049827478,
    "f1_macro": 0.827268115942029,
    "f1_weighted": 0.8325028087196071,
    "auc_roc": 0.9061169258362828,
    "mcc": 0.6785063844770195,
    "cohen_kappa": 0.6591717431541592,
    "n_samples": 2420
  }
}