{
  "clean_accuracy": 0.8371900826446281,
  "fgsm_accuracy": 0.8309917355371901,
  "pgd_accuracy": 0.8045454545454546,
  "fgsm_drop_pct": 0.740375123395858,
  "pgd_drop_pct": 3.899308983218165
}